,City,Country,Lat,Lng,Max Temp,Humidity,Cloudiness,Wind Speed,Current Description
0,Saint George,US,37.1041,-113.5841,50.47,28,0,3.0,clear sky
1,Rikitea,PF,-23.1203,-134.9692,78.46,71,9,10.63,clear sky
2,Cockburn Town,TC,21.4612,-71.1419,75.67,69,0,15.84,clear sky
3,Airai,TL,-8.9266,125.4092,60.12,90,99,1.86,overcast clouds
4,Matay,EG,28.419,30.7792,57.83,47,94,11.07,overcast clouds
5,Albany,US,42.6001,-73.9662,26.91,87,100,1.01,light snow
6,Kabwe,ZM,-14.4469,28.4464,63.79,95,100,4.27,overcast clouds
7,Bluff,NZ,-46.6,168.3333,50.58,63,77,6.78,broken clouds
8,Cherskiy,RU,68.75,161.3,-34.71,99,14,3.15,few clouds
9,Ponta Delgada,PT,37.7333,-25.6667,62.51,67,20,11.5,few clouds
10,Stornoway,GB,58.2093,-6.3865,38.03,72,40,7.0,scattered clouds
11,Punta Arenas,CL,-53.15,-70.9167,59.11,38,0,17.27,clear sky
12,Arraial Do Cabo,BR,-22.9661,-42.0278,84.16,83,40,12.66,scattered clouds
13,Ust-Kuyga,RU,70.0167,135.6,-36.71,100,100,5.88,overcast clouds
14,Conway,US,35.0887,-92.4421,35.4,67,75,1.99,moderate rain
15,Jiuquan,CN,39.7432,98.5174,17.11,42,100,3.78,overcast clouds
16,Mount Isa,AU,-20.7333,139.5,67.77,49,28,6.91,scattered clouds
17,Ushuaia,AR,-54.8,-68.3,55.02,50,0,16.11,clear sky
18,Husavik,IS,66.0449,-17.3389,24.71,92,99,15.1,light snow
19,Saskylakh,RU,71.9167,114.0833,-6.34,99,100,4.72,light snow
20,Tuktoyaktuk,CA,69.4541,-133.0374,-24.07,99,14,11.63,few clouds
21,Busselton,AU,-33.65,115.3333,67.08,59,0,5.19,clear sky
22,Pitimbu,BR,-7.4706,-34.8086,86.59,61,21,11.34,few clouds
23,Atar,MR,20.5169,-13.0499,78.98,9,7,9.48,clear sky
24,Abrau-Dyurso,RU,44.69,37.59,31.48,85,98,13.69,light snow
25,Boende,CD,-0.2167,20.8667,77.85,44,46,2.33,scattered clouds
26,Atuona,PF,-9.8,-139.0333,78.19,78,29,16.22,light rain
27,Cabo San Lucas,MX,22.8909,-109.9124,75.51,48,0,1.99,clear sky
28,Mglin,RU,53.0591,32.8475,0.95,100,95,3.02,overcast clouds
29,Ribeira Grande,PT,38.5167,-28.7,59.4,77,40,13.8,scattered clouds
30,Dunmore Town,BS,25.5,-76.65,74.34,61,0,11.39,clear sky
31,Touros,BR,-5.1989,-35.4608,81.5,59,26,15.19,scattered clouds
32,Puerto Ayora,EC,-0.7393,-90.3518,82.36,87,83,5.99,broken clouds
33,Chokurdakh,RU,70.6333,147.9167,-30.95,100,66,1.74,broken clouds
34,Mendoza,AR,-32.8908,-68.8272,81.93,36,40,10.36,scattered clouds
35,Shetpe,KZ,44.1667,52.1167,39.65,92,97,5.12,overcast clouds
36,Zhezkazgan,KZ,47.8043,67.7144,8.31,79,46,11.43,scattered clouds
37,Nikolskoye,RU,59.7035,30.7861,19.29,95,72,8.21,broken clouds
38,Barrow,US,71.2906,-156.7887,-29.18,68,40,8.05,scattered clouds
39,Hermanus,ZA,-34.4187,19.2345,64.8,62,0,19.35,clear sky
40,Grand Gaube,MU,-20.0064,57.6608,81.0,82,100,7.0,overcast clouds
41,Zeya,RU,53.75,127.2667,-2.4,89,100,3.89,overcast clouds
42,Mataura,NZ,-46.1927,168.8643,46.02,98,100,1.36,overcast clouds
43,Butaritari,KI,3.0707,172.7902,82.51,73,14,19.1,few clouds
44,Aklavik,CA,68.2191,-135.0107,-21.17,68,20,8.05,few clouds
45,Chuy,UY,-33.6971,-53.4616,80.74,69,18,5.64,few clouds
46,Plouzane,FR,48.3833,-4.6167,49.08,81,75,8.05,broken clouds
47,Cidreira,BR,-30.1811,-50.2056,78.39,79,100,9.35,overcast clouds
48,Chingirlau,KZ,51.095,54.0814,29.48,84,100,14.88,overcast clouds
49,Ponta Do Sol,PT,32.6667,-17.1,67.01,83,100,1.19,overcast clouds
50,Vardo,NO,70.3705,31.1107,16.0,73,100,26.06,overcast clouds
51,Bredasdorp,ZA,-34.5322,20.0403,64.27,59,8,11.5,clear sky
52,Chimbote,PE,-9.0853,-78.5783,76.32,69,16,12.17,few clouds
53,Barinas,VE,8.6226,-70.2075,95.04,38,100,4.61,overcast clouds
54,Makat,KZ,47.6469,53.3463,33.28,85,100,14.12,overcast clouds
55,Saint-Leu,RE,-21.15,55.2833,79.66,78,100,12.08,light rain
56,Borogontsy,RU,62.6683,131.1683,-37.62,100,100,0.47,overcast clouds
57,Grand-Santi,GF,4.25,-54.3833,79.68,88,77,3.51,broken clouds
58,Cacequi,BR,-29.8836,-54.825,89.96,46,73,6.33,broken clouds
59,Jamestown,US,42.097,-79.2353,23.09,61,100,3.0,light snow
60,Thompson,CA,55.7435,-97.8558,-14.64,64,20,9.22,few clouds
61,Ivaipora,BR,-24.2478,-51.6847,72.86,95,93,7.65,light rain
62,Salamiyah,SY,35.0113,37.0532,46.27,83,100,11.12,overcast clouds
63,Ondangwa,NA,-17.9167,15.95,74.8,59,93,10.54,overcast clouds
64,Lovozero,RU,68.005,35.0117,4.5,88,100,9.08,overcast clouds
65,Mehamn,NO,71.0357,27.8492,19.58,84,100,28.61,overcast clouds
66,Turukhansk,RU,65.8167,87.9833,10.76,93,100,14.16,overcast clouds
67,Sept-Iles,CA,50.2001,-66.3821,7.05,52,20,3.44,few clouds
68,Carnarvon,AU,-24.8667,113.6333,81.25,62,67,13.96,broken clouds
69,Coihaique,CL,-45.5752,-72.0662,71.55,30,20,6.91,few clouds
70,Harbin,CN,45.75,126.65,-11.25,97,99,3.56,overcast clouds
71,Mitsamiouli,KM,-11.3847,43.2844,81.54,81,86,10.74,light rain
72,Irun,ES,43.339,-1.7894,51.51,90,75,2.3,light intensity drizzle
73,Saint Anthony,US,45.0205,-93.218,10.24,65,75,7.0,haze
74,Zyryanka,RU,65.75,150.85,-40.74,100,97,0.76,overcast clouds
75,Noumea,NC,-22.2763,166.4572,75.18,86,100,2.51,overcast clouds
76,Mahebourg,MU,-20.4081,57.7,80.89,89,75,16.11,broken clouds
77,Vestmannaeyjar,IS,63.4427,-20.2734,27.81,70,100,6.71,overcast clouds
78,Dunedin,NZ,-45.8742,170.5036,52.81,81,100,5.01,overcast clouds
79,Saint-Philippe,RE,-21.3585,55.7679,80.19,87,100,27.63,moderate rain
80,Tasiilaq,GL,65.6145,-37.6368,21.36,64,100,39.95,overcast clouds
81,Vaini,TO,-21.2,-175.2,75.36,100,100,8.05,light rain
82,Avera,US,33.194,-82.5271,66.88,92,100,10.6,overcast clouds
83,La Vega,DO,19.2221,-70.5296,81.28,65,88,8.9,overcast clouds
84,Buala,SB,-8.145,159.5921,80.6,85,100,8.19,overcast clouds
85,Taylor,US,32.3001,-99.8337,31.73,72,0,8.01,snow
86,Hobart,AU,-42.8794,147.3294,58.26,86,75,5.75,broken clouds
87,Grindavik,IS,63.8424,-22.4338,27.07,80,100,8.05,overcast clouds
88,Dikson,RU,73.5069,80.5464,-3.69,90,100,5.86,overcast clouds
89,Kapaa,US,22.0752,-159.319,73.38,77,0,0.0,clear sky
90,Caravelas,BR,-17.7125,-39.2481,77.04,87,100,6.91,moderate rain
91,Ilulissat,GL,69.2167,-51.1,15.82,73,100,17.27,overcast clouds
92,La Asuncion,VE,11.0333,-63.8628,73.13,78,0,18.41,clear sky
93,Leshukonskoye,RU,64.8989,45.7622,-11.16,100,100,2.86,overcast clouds
94,Kangaatsiaq,GL,68.3065,-53.4641,7.68,79,100,19.8,overcast clouds
95,Nigde,TR,37.8333,34.75,22.1,97,100,3.94,light snow
96,Kahului,US,20.8947,-156.47,76.84,68,0,0.0,clear sky
97,Melville,US,40.7934,-73.4151,38.95,85,100,3.0,mist
98,Ostrovnoy,RU,68.0531,39.5131,5.61,96,100,11.74,overcast clouds
99,Mukhen,RU,48.1,136.1,-3.91,98,100,2.26,overcast clouds
100,Bengkulu,ID,-3.8004,102.2655,73.49,95,100,5.73,overcast clouds
101,Cape Town,ZA,-33.9258,18.4232,68.41,62,0,5.01,clear sky
102,Hervey Bay,AU,-25.2986,152.8535,68.11,67,87,26.26,overcast clouds
103,Pringsewu,ID,-5.3582,104.9744,72.82,99,97,3.74,overcast clouds
104,Bara,NG,10.3744,10.7288,73.15,17,0,7.92,clear sky
105,Grass Valley,US,39.2191,-121.0611,59.09,30,0,1.01,clear sky
106,Geraldton,AU,-28.7667,114.6,72.01,53,0,3.44,clear sky
107,Hasaki,JP,35.7333,140.8333,27.0,44,97,21.79,overcast clouds
108,Lompoc,US,34.6391,-120.4579,68.11,43,0,0.0,clear sky
109,Castro,BR,-24.7911,-50.0119,67.01,96,100,6.69,heavy intensity rain
110,Cap Malheureux,MU,-19.9842,57.6142,81.09,82,100,8.99,overcast clouds
111,Shahjahanpur,IN,27.8833,79.9167,50.47,91,0,4.18,clear sky
112,Sao Filipe,CV,14.8961,-24.4956,74.03,71,0,8.7,clear sky
113,Shelburne,CA,44.0787,-80.2041,14.13,77,100,6.55,overcast clouds
114,Aripuana,BR,-9.1667,-60.6333,86.04,69,100,0.96,light rain
115,Batagay,RU,67.6333,134.6333,-38.04,98,36,1.97,scattered clouds
116,Amapa,BR,1.0,-52.0,77.52,95,100,4.16,overcast clouds
117,Bambous Virieux,MU,-20.3428,57.7575,80.85,89,75,16.11,light rain
118,Los Ranchos De Albuquerque,US,35.162,-106.6428,32.76,51,0,1.99,clear sky
119,Gore,NZ,-46.1028,168.9436,46.2,97,100,1.57,overcast clouds
120,Pisco,PE,-13.7,-76.2167,75.25,64,0,11.5,clear sky
121,Marrakesh,MA,31.6315,-8.0083,73.47,27,40,6.91,scattered clouds
122,Nyurba,RU,63.2842,118.3319,-27.26,99,40,2.8,scattered clouds
123,Chokwe,MZ,-24.5333,32.9833,77.02,75,0,9.71,clear sky
124,Raudeberg,NO,61.9875,5.1352,38.86,92,100,11.99,overcast clouds
125,Turayf,SA,31.6725,38.6637,43.05,75,0,6.91,clear sky
126,Port Alfred,ZA,-33.5906,26.891,68.16,80,100,7.52,light rain
127,Waipawa,NZ,-41.4122,175.5153,56.03,95,100,12.46,overcast clouds
128,Saint-Pierre,RE,-21.3393,55.4781,80.28,78,75,10.36,broken clouds
129,Nola,IT,40.922,14.5329,54.01,73,100,2.24,overcast clouds
130,Kaitangata,NZ,-46.2817,169.8464,51.93,68,60,4.74,broken clouds
131,Broken Hill,AU,-31.95,141.4333,64.11,48,100,8.05,overcast clouds
132,Veraval,IN,20.9,70.3667,66.88,56,4,4.07,clear sky
133,Tautira,PF,-17.7333,-149.15,84.22,77,14,15.19,light rain
134,Upernavik,GL,72.7868,-56.1549,-0.98,100,79,9.95,broken clouds
135,Angoram,PG,-4.0625,144.0661,72.64,99,100,1.95,overcast clouds
136,Lago Da Pedra,BR,-4.3333,-45.1667,82.72,81,100,2.01,moderate rain
137,Hofn,IS,64.2539,-15.2082,28.42,59,20,19.57,few clouds
138,Avarua,CK,-21.2078,-159.775,80.65,78,40,12.66,scattered clouds
139,Port Elizabeth,ZA,-33.918,25.5701,67.1,88,40,3.44,scattered clouds
140,The Valley,AI,18.217,-63.0578,79.83,78,75,18.41,broken clouds
141,Gisenyi,RW,-1.7028,29.2564,65.32,84,100,3.15,light rain
142,Hakkari,TR,37.5833,44.1667,25.0,97,100,3.24,snow
143,Kudahuvadhoo,MV,2.6708,72.8944,81.77,74,65,9.82,broken clouds
144,Hithadhoo,MV,-0.6,73.0833,81.99,73,20,10.09,few clouds
145,Nanortalik,GL,60.1432,-45.2371,11.64,75,100,45.16,light snow
146,New Norfolk,AU,-42.7826,147.0587,57.7,74,49,1.79,scattered clouds
147,Qinhuangdao,CN,39.9317,119.5883,14.67,56,0,6.44,clear sky
148,Vila,PT,42.0304,-8.1588,42.75,82,100,3.42,overcast clouds
149,Novobirilyussy,RU,56.9514,90.6661,18.55,91,100,11.81,overcast clouds
150,Salalah,OM,17.0151,54.0924,73.49,64,0,3.44,clear sky
151,Kodiak,US,57.79,-152.4072,31.51,86,100,4.61,overcast clouds
152,Jalingo,NG,8.8833,11.3667,77.41,19,0,5.35,clear sky
153,Hilo,US,19.7297,-155.09,78.62,73,100,5.75,overcast clouds
154,Tuatapere,NZ,-46.1333,167.6833,47.7,83,100,3.2,overcast clouds
155,Mungwi,ZM,-10.1732,31.3694,59.83,98,100,2.59,light rain
156,Kisangani,CD,0.5167,25.2,75.02,73,100,3.06,light rain
157,Iquique,CL,-20.2208,-70.1431,73.44,68,3,11.23,clear sky
158,Luanda,AO,-8.8368,13.2343,78.8,73,20,6.91,few clouds
159,Irtyshskiy,RU,58.3333,68.1333,23.29,96,100,6.53,light snow
160,Shenkursk,RU,62.1091,42.896,-10.68,100,97,2.46,overcast clouds
161,Severo-Kurilsk,RU,50.6789,156.125,27.66,90,100,3.06,overcast clouds
162,Ranong,TH,9.9658,98.6348,75.94,89,66,5.99,broken clouds
163,Taltal,CL,-25.4,-70.4833,70.97,63,22,6.96,few clouds
164,Suarez,CO,2.954,-76.6964,84.43,75,85,4.41,overcast clouds
165,Nsukka,NG,6.8561,7.3927,78.93,16,0,4.88,clear sky
166,Soyo,AO,-6.1349,12.3689,78.71,73,72,6.26,broken clouds
167,At-Bashi,KG,41.1702,75.8106,-2.16,79,21,5.06,few clouds
168,Capaci,IT,38.1711,13.2393,62.2,50,0,14.97,clear sky
169,Lavrentiya,RU,65.5833,-171.0,0.84,52,0,17.34,clear sky
170,Wewak,PG,-3.5534,143.6268,78.13,86,81,9.62,broken clouds
171,Hay River,CA,60.8156,-115.7999,-16.62,76,75,6.91,broken clouds
172,Yar-Sale,RU,66.8333,70.8333,5.79,97,100,3.94,overcast clouds
173,Alofi,NU,-19.0595,-169.9187,78.69,78,100,8.05,overcast clouds
174,Suntar,RU,62.1444,117.6319,-17.3,100,100,1.45,overcast clouds
175,Hammerfest,NO,70.6634,23.6821,22.73,79,100,33.38,overcast clouds
176,Chara,RU,56.9064,118.2631,-14.87,86,100,1.74,overcast clouds
177,Bonavista,CA,48.6499,-53.1147,31.12,94,100,20.78,snow
178,Fuzhou,CN,26.0614,119.3061,48.09,88,100,3.04,overcast clouds
179,Laguna,US,38.421,-121.4238,65.35,54,0,1.01,clear sky
180,Samarai,PG,-10.6167,150.6667,80.87,80,88,8.08,overcast clouds
181,Sitka,US,57.0531,-135.33,42.69,87,100,14.97,mist
182,Faya,SA,18.3851,42.4509,59.11,85,19,7.56,few clouds
183,Itarema,BR,-2.9248,-39.9167,82.98,68,99,14.81,overcast clouds
184,Talnakh,RU,69.4865,88.3972,1.2,96,100,7.27,overcast clouds
185,Imeni Poliny Osipenko,RU,52.4201,136.4853,1.87,96,100,5.14,overcast clouds
186,Minden,DE,52.2833,8.9167,40.51,94,100,18.75,overcast clouds
187,Kavieng,PG,-2.5744,150.7967,81.77,73,100,6.46,overcast clouds
188,Ancud,CL,-41.8697,-73.8203,69.22,69,60,9.86,broken clouds
189,Krasnovishersk,RU,60.4078,57.082,5.97,97,100,3.44,overcast clouds
190,Khatanga,RU,71.9667,102.5,-35.27,100,60,3.44,broken clouds
191,Brandenburg,DE,52.4167,12.55,46.9,75,100,17.25,light rain
192,Fairbanks,US,64.8378,-147.7164,3.09,66,100,3.29,overcast clouds
193,Conceicao Do Araguaia,BR,-8.2578,-49.2647,88.23,60,90,4.88,overcast clouds
194,Clyde River,CA,70.4692,-68.5914,-3.77,84,100,9.22,light snow
195,Lorengau,PG,-2.0226,147.2712,80.01,74,32,5.91,scattered clouds
196,Zamora,EC,-4.0692,-78.9567,78.04,72,58,2.86,light rain
197,Havoysund,NO,70.9963,24.6622,19.63,87,100,38.23,light snow
198,Provideniya,RU,64.3833,-173.3,-0.44,65,0,13.73,clear sky
199,Brandon,US,27.9378,-82.2859,87.26,72,40,1.01,scattered clouds
200,Yellowknife,CA,62.456,-114.3525,-25.71,75,40,3.44,scattered clouds
201,Eyrarbakki,IS,63.863,-21.1481,24.85,83,100,9.08,overcast clouds
202,East London,ZA,-33.0153,27.9116,68.56,84,100,7.45,light rain
203,Sargatskoye,RU,55.6101,73.4972,19.17,81,100,11.34,overcast clouds
204,Qaanaaq,GL,77.484,-69.3632,-4.92,64,100,9.28,overcast clouds
205,Wonthaggi,AU,-38.6044,145.5913,59.72,78,0,14.25,clear sky
206,Varzea Grande,BR,-15.6467,-56.1325,91.27,55,75,10.36,broken clouds
207,Broome,US,42.2506,-75.833,22.77,76,100,3.0,light snow
208,Sosua,DO,19.7667,-70.5167,82.24,74,75,21.85,broken clouds
209,Nadym,RU,65.5333,72.5167,12.31,96,100,5.64,light snow
210,Guerrero Negro,MX,27.9769,-114.0611,61.5,22,0,1.39,clear sky
211,Roald,NO,62.5833,6.1333,39.99,87,75,29.93,broken clouds
212,Souillac,MU,-20.5167,57.5167,80.98,89,75,16.11,light rain
213,Richards Bay,ZA,-28.783,32.0377,73.09,94,100,14.38,moderate rain
214,Orito,CO,0.6766,-76.8771,78.39,63,60,2.37,broken clouds
215,Mar Del Plata,AR,-38.0023,-57.5575,71.62,88,75,8.01,moderate rain
216,Wilkie,CA,52.4168,-108.7014,-2.11,81,100,15.26,light snow
217,Los Cedrales,PY,-25.65,-54.7,91.69,78,57,3.33,broken clouds
218,Konevo,RU,62.1215,39.3192,-5.66,100,76,3.22,broken clouds
219,Saldanha,ZA,-33.0117,17.9442,64.45,74,0,20.54,clear sky
220,Verkhoshizhemye,RU,58.011,49.1038,17.92,92,100,10.8,snow
221,Quixere,BR,-5.0742,-37.9886,90.7,45,100,5.77,overcast clouds
222,La Ronge,CA,55.1001,-105.2842,-18.15,69,100,5.75,overcast clouds
223,Mao,ES,39.8885,4.2658,52.36,87,0,3.44,clear sky
224,Mandurah,AU,-32.55,115.7,69.91,48,0,3.27,clear sky
225,Bainbridge,US,47.6262,-122.5212,48.15,82,100,4.0,overcast clouds
226,Leningradskiy,RU,69.3833,178.4167,-17.66,92,40,9.42,scattered clouds
227,Georgetown,MY,5.4112,100.3354,79.9,92,40,2.3,scattered clouds
228,Sao Joao Da Barra,BR,-21.6403,-41.0511,84.29,84,71,18.25,broken clouds
229,Mandalgovi,MN,45.7625,106.2708,3.97,75,22,7.61,few clouds
230,Killybegs,IE,54.6333,-8.45,44.31,62,83,22.95,broken clouds
231,Alpena,US,45.0617,-83.4327,15.94,59,20,5.01,few clouds
232,Dingle,PH,10.9995,122.6711,73.72,91,100,11.97,overcast clouds
233,Eyl,SO,7.9803,49.8164,72.91,63,1,10.58,clear sky
234,Colac,AU,-38.3333,143.5833,58.17,83,12,8.77,few clouds
235,Kidal,ML,18.4411,1.4078,67.39,11,0,10.94,clear sky
236,Walvis Bay,NA,-22.9575,14.5053,67.08,78,8,11.05,clear sky
237,Yarmouth,US,41.7057,-70.2286,39.96,98,100,14.97,moderate rain
238,Mount Gambier,AU,-37.8333,140.7667,53.51,94,99,8.05,overcast clouds
239,Tilichiki,RU,60.4667,166.1,-8.61,85,93,8.37,overcast clouds
240,Rawson,AR,-43.3002,-65.1023,63.63,59,85,26.73,overcast clouds
241,Bandipur,NP,27.9333,84.4167,44.24,97,100,3.2,light rain
242,Mayo,US,38.8876,-76.5119,43.34,94,100,7.0,light rain
243,Quincy,US,42.2529,-71.0023,34.99,94,100,4.0,mist
244,Esperance,AU,-33.8667,121.9,62.44,76,1,15.14,clear sky
245,Deogarh,IN,21.5333,84.7333,61.05,49,0,5.64,clear sky
246,Dicabisagan,PH,17.0818,122.4157,73.27,89,82,7.16,broken clouds
247,Yeppoon,AU,-23.1333,150.7333,71.38,74,97,19.93,overcast clouds
248,Kosum Phisai,TH,16.2486,103.0674,69.19,61,99,12.62,overcast clouds
249,Waddan,LY,29.1614,16.139,53.46,40,0,2.08,clear sky
250,Pacific Grove,US,36.6177,-121.9166,65.57,53,0,3.0,clear sky
251,Quatre Cocos,MU,-20.2078,57.7625,80.71,87,100,16.62,light rain
252,Tiksi,RU,71.6872,128.8694,-18.81,98,100,6.42,overcast clouds
253,Isangel,VU,-19.55,169.2667,77.11,100,100,0.0,moderate rain
254,Kieta,PG,-6.2167,155.6333,81.37,83,100,10.89,overcast clouds
255,Batouri,CM,4.4333,14.3667,76.64,21,99,2.19,overcast clouds
256,Itoman,JP,26.1247,127.6694,59.4,67,100,19.57,overcast clouds
257,Asyut,EG,27.181,31.1837,53.78,50,5,10.16,clear sky
258,Marataizes,BR,-21.0433,-40.8244,79.43,83,78,18.3,broken clouds
259,Ardahan,TR,41.1087,42.7022,16.86,96,100,4.76,overcast clouds
260,Kirakira,SB,-10.4544,161.9205,80.11,85,100,6.93,overcast clouds
261,Dukhovshchina,RU,55.1919,32.4111,-1.07,100,100,2.15,overcast clouds
262,Raga,SS,8.4596,25.678,78.3,18,100,5.23,overcast clouds
263,Nuuk,GL,64.1835,-51.7216,7.41,85,100,12.66,light shower snow
264,Asfi,MA,32.2994,-9.2372,67.66,51,99,14.14,overcast clouds
265,Along,IN,28.1667,94.7667,52.84,98,100,2.91,moderate rain
266,Komsomolskiy,UZ,40.4272,71.7189,36.82,69,0,4.61,clear sky
267,Ocampo,MX,21.65,-101.5,71.28,20,100,13.33,overcast clouds
268,Yartsevo,RU,55.0667,32.6964,-2.88,100,100,1.86,overcast clouds
269,Nelson Bay,AU,-32.7167,152.15,70.0,60,38,1.99,scattered clouds
270,Baoqing,CN,46.3317,132.2111,-10.1,94,14,5.59,few clouds
271,Moyale,KE,3.5167,39.0584,78.55,23,56,16.17,broken clouds
272,Lebu,CL,-37.6167,-73.65,64.24,75,1,17.47,clear sky
273,Kununurra,AU,-15.7667,128.7333,78.78,94,100,0.0,overcast clouds
274,Fortuna,US,40.5982,-124.1573,49.86,91,100,1.99,overcast clouds
275,Serebryansk,KZ,49.6925,83.2892,-15.25,93,30,4.76,scattered clouds
276,Do Gonbadan,IR,30.3586,50.7981,55.49,76,100,0.0,overcast clouds
277,Arlit,NE,18.7369,7.3853,65.66,13,0,8.55,clear sky
278,Liverpool,GB,53.4106,-2.9779,42.75,82,75,8.99,broken clouds
279,Fort Nelson,CA,58.8053,-122.7002,-11.61,77,100,3.44,snow
280,Haradok,BY,55.4624,29.9816,3.78,100,100,5.97,overcast clouds
281,Kenai,US,60.5544,-151.2583,23.02,93,100,4.61,light snow
282,Longyearbyen,SJ,78.2186,15.6401,15.64,67,0,18.41,clear sky
283,Carutapera,BR,-1.195,-46.02,78.19,89,100,8.01,overcast clouds
284,Borovskoy,KZ,53.8,64.15,20.84,79,100,11.7,overcast clouds
285,Puerto Escondido,MX,15.85,-97.0667,85.03,74,0,9.22,clear sky
286,Astana,KZ,51.1801,71.446,-2.25,78,18,6.71,few clouds
287,Inta,RU,66.0317,60.1659,10.81,95,100,10.58,light snow
288,Klamath Falls,US,42.2249,-121.7817,44.87,58,0,1.01,clear sky
289,Piranshahr,IR,36.701,45.1413,31.5,93,100,6.33,light snow
290,Pindobacu,BR,-10.7417,-40.3608,90.7,32,35,5.82,scattered clouds
291,Iqaluit,CA,63.7506,-68.5145,-15.07,53,100,11.5,overcast clouds
292,Namatanai,PG,-3.6667,152.4333,80.13,78,100,7.16,overcast clouds
293,Mbanza-Ngungu,CD,-5.25,14.8667,71.65,84,100,1.7,overcast clouds
294,Urucui,BR,-7.2294,-44.5561,83.44,70,100,3.78,overcast clouds
295,Oyama,JP,36.3,139.8,38.59,35,4,8.88,clear sky
296,Ithaca,US,42.4406,-76.4966,22.96,88,100,5.99,mist
297,Sobinka,RU,55.9855,40.0111,7.7,98,74,6.69,broken clouds
298,Port Moresby,PG,-9.4431,147.1797,72.82,100,20,8.05,few clouds
299,Miracema Do Tocantins,BR,-9.5618,-48.3967,87.42,68,78,3.31,broken clouds
300,Linqiong,CN,30.4159,103.4609,42.62,87,100,3.0,overcast clouds
301,Ozernovskiy,RU,51.5,156.5167,26.56,77,71,5.41,broken clouds
302,Naze,JP,28.3667,129.4833,53.51,54,100,16.46,overcast clouds
303,Banda Aceh,ID,5.5577,95.3222,78.4,79,84,6.98,broken clouds
304,Gibsons,CA,49.3997,-123.5027,46.72,93,100,3.0,overcast clouds
305,Ahipara,NZ,-35.1667,173.1667,72.45,87,89,14.56,overcast clouds
306,Shimoda,JP,34.6667,138.95,37.11,64,8,27.2,clear sky
307,General Pico,AR,-35.6566,-63.7568,82.72,45,89,5.37,overcast clouds
308,Viedma,AR,-40.8135,-62.9967,70.2,61,100,18.39,overcast clouds
309,Los Lunas,US,34.8062,-106.7334,33.78,54,0,1.99,snow
310,Colares,PT,38.7992,-9.4469,58.33,70,20,1.01,few clouds
311,Norman Wells,CA,65.282,-126.8329,-25.56,62,75,8.05,broken clouds
312,Codrington,AU,-38.2667,141.9667,55.29,87,95,9.26,overcast clouds
313,Ereymentau,KZ,51.6199,73.1033,9.68,71,24,4.68,few clouds
314,Muli,MV,2.9167,73.5667,81.93,73,77,10.27,broken clouds
315,Lagoa,PT,39.05,-27.9833,58.17,80,82,17.09,broken clouds
316,Touho,NC,-20.7833,165.2333,80.26,84,100,4.05,overcast clouds
317,Bethel,US,41.3712,-73.414,37.76,91,100,6.91,light rain
318,Yashalta,RU,46.3395,42.2762,33.67,99,100,8.52,snow
319,Meulaboh,ID,4.1363,96.1285,76.37,87,100,4.36,overcast clouds
320,Santa Isabel Do Rio Negro,BR,-0.4139,-65.0192,90.86,48,42,3.02,heavy intensity rain
321,Valle De Allende,MX,26.9333,-105.4,44.29,33,11,7.36,few clouds
322,Olinda,BR,-8.0089,-34.8553,85.73,62,40,10.36,scattered clouds
323,Brae,GB,60.3964,-1.353,40.91,57,99,33.84,overcast clouds
324,Kingston,JM,17.997,-76.7936,83.35,73,75,1.01,broken clouds
325,Pevek,RU,69.7008,170.3133,-22.58,100,82,5.41,broken clouds
326,Ludvika,SE,60.1496,15.1878,35.4,91,100,8.34,overcast clouds
327,Martapura,ID,-3.4167,114.85,75.29,94,100,3.44,mist
328,Bilibino,RU,68.0546,166.4372,-9.71,78,1,4.74,clear sky
329,Boa Vista,BR,2.8197,-60.6733,89.58,45,75,12.66,broken clouds
330,Khorramabad,IR,33.4878,48.3558,53.22,40,75,11.5,broken clouds
331,Peno,RU,56.9262,32.7426,-3.71,100,100,3.4,overcast clouds
332,Tazmalt,DZ,36.3868,4.3989,57.81,39,100,3.58,overcast clouds
333,Olafsvik,IS,64.8945,-23.7142,27.84,70,100,18.1,overcast clouds
334,Robertsport,LR,6.7533,-11.3686,80.53,83,51,10.92,broken clouds
335,Marzuq,YE,14.4,46.4667,63.82,49,5,5.82,clear sky
336,Aktash,RU,50.3,87.7333,-17.9,76,2,5.1,clear sky
337,Kristianstad,SE,56.0313,14.1524,42.94,97,100,13.8,drizzle
338,Tres Picos,MX,15.8667,-93.5333,91.18,42,8,10.92,clear sky
339,Darhan,MN,49.4867,105.9228,-8.86,97,12,5.37,few clouds
340,Luderitz,NA,-26.6481,15.1594,68.74,71,19,9.64,few clouds
341,Khasan,RU,42.4308,130.6434,11.93,58,3,21.56,clear sky
342,Yulara,AU,-25.2406,130.9889,62.44,63,0,8.05,clear sky
343,Ashington,GB,50.9331,-0.3909,43.43,61,20,3.0,few clouds
344,Victoria,HK,22.2855,114.1577,58.32,77,97,1.01,overcast clouds
345,The Pas,CA,53.8251,-101.2541,-16.58,69,0,4.61,clear sky
346,Mehran,IR,33.1222,46.1646,54.88,63,72,18.77,broken clouds
347,Dubai,AE,25.2582,55.3047,72.21,60,0,4.61,clear sky
348,Taitung,TW,22.7583,121.1444,60.94,83,48,12.12,scattered clouds
349,Bayir,TR,37.2687,28.2167,39.72,79,43,5.46,scattered clouds
350,Road Town,VG,18.4167,-64.6167,71.69,100,40,9.22,light intensity shower rain
351,Torbay,CA,47.6666,-52.7314,32.76,96,100,11.5,fog
352,Wanxian,CN,30.8039,108.3897,45.1,75,62,2.86,broken clouds
353,Flinders,AU,-34.5833,150.8552,67.05,72,85,8.01,overcast clouds
354,Lucea,JM,18.451,-78.1736,82.26,73,14,17.81,few clouds
355,Ambilobe,MG,-13.2,49.05,76.51,90,100,11.07,moderate rain
356,Jacareacanga,BR,-6.2222,-57.7528,77.68,93,100,1.28,overcast clouds
357,Tadine,NC,-21.55,167.8833,79.9,87,100,15.99,light rain
358,Orel-Izumrud,RU,43.4583,39.9244,37.42,93,100,8.95,light intensity shower rain
359,Stepnyak,KZ,52.8339,70.7803,12.52,70,100,10.92,overcast clouds
360,Luba,GQ,3.4568,8.5547,76.89,79,68,9.13,light rain
361,Vila Franca Do Campo,PT,37.7167,-25.4333,62.2,77,100,10.4,overcast clouds
362,Lac Du Bonnet,CA,50.2536,-96.0612,-2.99,88,100,5.79,overcast clouds
363,Marystown,CA,47.1666,-55.1483,37.85,100,100,7.0,overcast clouds
364,Araouane,ML,18.9048,-3.5265,68.25,9,0,9.1,clear sky
365,Ifanadiana,MG,-21.3,47.6333,70.34,99,100,6.04,moderate rain
366,Ankang,CN,32.68,109.0172,40.68,61,85,4.32,overcast clouds
367,Alto Piquiri,BR,-24.0281,-53.4406,81.21,72,98,9.95,light rain
368,Pleasanton,US,37.6624,-121.8747,62.15,55,0,1.01,clear sky
369,Hualmay,PE,-11.0964,-77.6139,75.15,72,27,11.43,scattered clouds
370,Lata,PT,40.1629,-8.3327,53.04,96,98,2.35,overcast clouds
371,Novopokrovka,UA,49.8425,36.5477,26.98,96,64,6.24,snow
372,Santa Cruz,BO,-17.8,-63.1667,87.26,70,75,19.57,broken clouds
373,Margate,GB,51.3813,1.3862,42.89,68,5,3.0,clear sky
374,Joshimath,IN,30.5667,79.5667,26.64,65,5,9.01,clear sky
375,Ayacucho,PE,-13.1583,-74.2239,62.46,63,100,14.97,overcast clouds
376,Arman,RU,59.7,150.1667,-2.11,72,96,12.46,overcast clouds
377,Zlotow,PL,53.3635,17.0408,42.24,86,100,15.03,overcast clouds
378,Axim,GH,4.8699,-2.2405,80.2,81,23,6.33,few clouds
379,Tomatlan,MX,19.9333,-105.25,89.96,28,7,8.01,clear sky
380,Saint-Augustin,CA,51.226,-58.6502,1.49,78,100,8.48,overcast clouds
381,Jalu,LY,29.0331,21.5482,54.3,58,0,8.61,clear sky
382,High Level,CA,58.5169,-117.136,-3.89,84,100,9.22,snow
383,La Union,PE,-5.4,-80.75,84.11,48,12,20.02,few clouds
384,Kirkwall,GB,58.9848,-2.9587,37.45,87,40,16.11,scattered clouds
385,Manokwari,ID,-0.8667,134.0833,77.41,80,100,4.09,overcast clouds
386,Karratha,AU,-20.7377,116.8463,84.33,69,99,4.14,overcast clouds
387,Waitati,NZ,-45.75,170.5667,51.8,80,100,5.64,overcast clouds
388,Neuquen,AR,-38.9516,-68.0591,78.69,38,40,9.22,scattered clouds
389,Tigil,RU,57.8,158.6667,-0.47,92,90,2.98,overcast clouds
390,Orda,RU,57.1951,56.9091,28.44,91,100,5.93,overcast clouds
391,Hamilton,US,39.1834,-84.5333,26.08,85,100,1.01,overcast clouds
392,Constitucion,CL,-35.3333,-72.4167,68.88,70,18,15.46,few clouds
393,Tiznit,MA,29.5833,-9.5,62.11,40,98,2.08,overcast clouds
394,Maniitsoq,GL,65.4167,-52.9,6.39,76,100,19.69,light snow
395,Borger,NL,52.9233,6.7931,39.79,92,99,15.61,overcast clouds
396,Los Llanos De Aridane,ES,28.6585,-17.9182,63.12,74,40,3.0,scattered clouds
397,Anuppur,IN,23.1,81.6833,51.58,39,0,3.04,clear sky
398,Yuanping,CN,38.7153,112.7575,21.07,48,3,5.61,clear sky
399,Develi,TR,38.3906,35.4922,27.75,94,85,4.7,overcast clouds
400,Faanui,PF,-16.4833,-151.75,80.31,75,22,13.62,light rain
401,Oskarshamn,SE,57.2645,16.4484,40.98,96,100,11.32,light rain
402,Roblin,CA,51.23,-101.3565,-12.39,90,92,6.15,overcast clouds
403,Santiago,CL,-33.4569,-70.6483,87.28,29,20,9.22,few clouds
404,Kaupanger,NO,61.1845,7.2404,37.09,100,100,12.66,overcast clouds
405,Bathsheba,BB,13.2167,-59.5167,83.01,61,40,14.97,scattered clouds
406,San Patricio,US,28.017,-97.5169,41.41,47,97,18.05,overcast clouds
407,Verkhnyaya Inta,RU,65.9811,60.3094,11.05,95,100,10.65,light snow
408,Shima,CN,24.4478,117.8111,52.21,86,98,6.2,overcast clouds
409,Nome,US,64.5011,-165.4064,6.87,56,0,13.8,clear sky
410,Hirado,JP,33.3597,129.5531,41.36,61,100,28.66,overcast clouds
411,Smithers,CA,54.7804,-127.1743,39.52,81,75,8.05,light rain
412,College,US,64.8569,-147.8028,3.79,65,100,5.75,overcast clouds
413,Jumla,NP,29.2747,82.1838,26.91,95,99,4.34,snow
414,Pedernales,DO,18.0384,-71.744,81.0,65,2,8.9,clear sky
415,Yenagoa,NG,4.9247,6.2642,81.39,71,0,6.22,clear sky
416,Krasnyy Chikoy,RU,50.3643,108.7512,-8.27,99,94,2.93,overcast clouds
417,Prince Rupert,CA,54.3161,-130.3201,46.09,93,100,4.61,overcast clouds
418,Hit,IQ,33.6416,42.8251,52.79,60,29,7.78,scattered clouds
419,Baghmara,IN,23.795,86.2085,57.87,86,0,5.88,clear sky
420,Ulaangom,MN,49.9811,92.0667,-22.52,93,93,2.82,overcast clouds
421,Nipawin,CA,53.3668,-104.0009,-20.16,76,75,3.44,broken clouds
422,Toumodi,CI,6.5613,-5.0158,88.3,35,10,2.06,clear sky
423,Nikolayevsk-Na-Amure,RU,53.1406,140.73,1.92,97,100,5.66,light snow
424,Sobolevo,RU,54.4299,31.8996,0.16,100,100,3.0,overcast clouds
425,Rovnoye,RU,50.7765,46.0509,27.05,88,100,8.81,overcast clouds
426,Zhangjiakou,CN,40.81,114.8794,7.12,67,4,7.07,light snow
427,Pangnirtung,CA,66.1451,-65.7125,-18.4,76,75,16.11,broken clouds
428,Sao Francisco Do Sul,BR,-26.2433,-48.6381,84.11,74,75,3.44,broken clouds
429,Katobu,ID,-4.9408,122.5276,75.54,92,100,2.75,overcast clouds
430,Sabang,ID,5.8933,95.3214,82.54,74,78,15.32,broken clouds
431,Saint-Joseph,RE,-21.3667,55.6167,79.18,84,100,22.68,light rain
432,Novosheshminsk,RU,55.0651,51.2338,27.34,93,100,8.14,overcast clouds
433,Puerto Baquerizo Moreno,EC,-0.9,-89.6,85.19,66,20,18.41,few clouds
434,Hami,CN,42.8,93.45,23.25,35,65,1.61,broken clouds
435,Piacabucu,BR,-10.4056,-36.4344,82.47,64,6,12.57,clear sky
436,Pionerskiy,RU,54.9508,20.2275,39.04,89,100,18.52,overcast clouds
437,Puerto Madryn,AR,-42.7692,-65.0385,64.02,60,98,26.69,overcast clouds
438,Sistranda,NO,63.7256,8.834,38.89,87,100,42.39,light rain
439,Maloy,NO,61.9353,5.1136,38.93,91,100,8.99,overcast clouds
440,Fuerte Olimpo,PY,-21.0415,-57.8738,94.93,38,100,5.1,overcast clouds
441,Oranjemund,NA,-28.55,16.4333,64.44,81,9,12.33,clear sky
442,Muros,ES,42.7762,-9.0603,55.24,79,87,7.4,overcast clouds
443,Duku,NG,11.2361,4.9073,78.24,12,0,9.01,clear sky
444,Pizarro,CO,4.9533,-77.366,81.5,77,96,7.63,light rain
445,Berlevag,NO,70.8578,29.0864,17.55,73,0,14.97,clear sky
446,Fasa,IR,28.9383,53.6482,52.84,54,0,4.61,clear sky
447,Vaitape,PF,-16.5167,-151.75,80.29,75,24,13.56,light rain
448,Manchester,GB,53.4809,-2.2374,41.86,82,20,1.01,few clouds
449,Puerto Penasco,MX,31.3167,-113.5333,62.91,15,0,7.0,clear sky
450,Yaan,NG,7.3833,8.5667,82.4,13,0,6.55,clear sky
451,Devrek,TR,41.2192,31.9558,27.27,88,60,5.19,broken clouds
452,Yarkovo,RU,57.4028,67.0786,22.15,89,100,8.12,overcast clouds
453,Kadaya,RU,50.9327,119.2911,-10.14,94,100,2.48,overcast clouds
454,Muscatine,US,41.4667,-91.1335,28.49,35,100,3.0,overcast clouds
455,Natchez,US,31.5604,-91.4032,35.89,72,100,16.11,overcast clouds
456,Nerang,AU,-27.9833,153.3333,69.62,76,68,5.01,broken clouds
457,Mokolo,CM,10.7398,13.8019,66.51,17,10,6.53,clear sky
458,Ulukulevo,RU,54.4355,56.3221,30.45,91,100,2.93,light snow
459,Te Anau,NZ,-45.4167,167.7167,46.62,88,35,4.65,scattered clouds
460,Warragul,AU,-38.1667,145.9333,58.73,89,1,8.99,clear sky
461,Tarabuco,BO,-19.1667,-64.9167,53.15,73,100,4.21,overcast clouds
462,Sulangan,PH,11.1373,123.7228,77.95,82,100,20.69,overcast clouds
463,Bloemhof,ZA,-27.6469,25.607,67.73,77,13,16.53,few clouds
464,Petropavlovsk-Kamchatskiy,RU,53.0452,158.6483,23.59,63,75,6.71,broken clouds
465,Sikonge,TZ,-5.6333,32.7667,63.27,97,100,5.57,overcast clouds
466,Havelock,US,34.8791,-76.9013,79.03,85,40,14.0,scattered clouds
467,Camocim,BR,-2.9022,-40.8411,81.7,75,100,14.41,moderate rain
468,Kwinana,AU,-32.25,115.7667,73.81,76,0,3.76,clear sky
469,Adrar,MR,20.5022,-10.0711,70.27,9,16,8.55,few clouds
470,Port Hedland,AU,-20.3167,118.5667,86.05,74,100,4.61,overcast clouds
471,Tecpan,GT,14.7623,-90.9947,71.46,35,11,10.02,few clouds
472,Skovorodino,RU,53.9833,123.9167,3.85,67,100,6.89,overcast clouds
473,Kurilsk,RU,45.2333,147.8833,23.18,82,100,9.1,light snow
474,Yomou,GN,7.5603,-9.2653,75.83,25,8,0.69,clear sky
475,Camacha,PT,33.0833,-16.3333,62.53,88,20,0.0,few clouds
476,Jinxiang,CN,27.4327,120.6062,45.21,69,77,8.16,broken clouds
477,Waslala,NI,13.2333,-85.3833,88.14,35,9,9.22,clear sky
478,Charters Towers,AU,-20.1,146.2667,70.81,85,99,9.44,overcast clouds
479,Quelimane,MZ,-17.8786,36.8883,75.67,83,22,3.0,few clouds
480,Kruisfontein,ZA,-34.0033,24.7314,64.89,66,100,5.73,overcast clouds
481,Porto Novo,BJ,6.4965,2.6036,84.02,76,4,6.91,clear sky
482,Pozo Colorado,PY,-23.4923,-58.7972,101.61,27,84,9.73,broken clouds
483,Ornskoldsvik,SE,63.2909,18.7153,33.62,100,100,5.75,overcast clouds
484,Alugan,PH,12.2188,125.4808,76.3,87,100,9.46,overcast clouds
485,Pyaozerskiy,RU,65.8333,31.1667,14.11,87,100,14.38,overcast clouds
486,Dawson,US,31.7735,-84.4466,62.02,85,100,10.87,overcast clouds
487,Menongue,AO,-14.6585,17.691,63.48,95,100,3.22,light rain
488,Klaksvik,FO,62.2266,-6.589,34.72,58,92,38.56,overcast clouds
489,Rehoboth,NA,-23.3167,17.0833,76.84,40,97,7.52,overcast clouds
490,Kingsland,US,30.8,-81.6898,84.94,64,100,8.39,overcast clouds
491,Srednekolymsk,RU,67.45,153.6833,-34.96,100,100,0.83,overcast clouds
492,Ixtapa,MX,20.7,-105.2,74.43,60,0,9.22,clear sky
493,Kerema,PG,-7.9631,145.7785,77.09,87,100,4.7,overcast clouds
494,San Cristobal,VE,7.7669,-72.225,80.78,61,95,2.98,overcast clouds
495,Tabou,CI,4.423,-7.3528,80.15,80,6,7.45,clear sky
496,Dmitriyevka,RU,54.75,55.3333,29.75,80,100,11.63,light snow
497,Tatvan,TR,38.5067,42.2817,25.88,97,100,2.95,light snow
498,Nemuro,JP,43.3236,145.575,20.91,75,10,11.95,clear sky
499,Beloha,MG,-25.1667,45.05,74.97,84,43,18.9,scattered clouds
500,Belaya Gora,RU,68.5333,146.4167,-39.33,100,52,1.07,broken clouds
501,Ambon,ID,-3.6954,128.1814,80.78,78,100,6.71,overcast clouds
502,Yarim,YE,14.298,44.3779,54.05,74,8,2.82,clear sky
503,Coahuayana,MX,18.7333,-103.6833,89.08,33,1,7.61,clear sky
504,Nioro,GM,13.35,-15.75,86.7,8,0,7.27,clear sky
505,Homer,US,59.6425,-151.5483,31.05,93,75,0.0,broken clouds
506,Rudbar,AF,30.15,62.6,55.67,21,0,7.92,clear sky
507,Mormugao,IN,15.4,73.8,70.14,78,24,7.23,few clouds
508,Pangai,TO,-19.8,-174.35,77.27,92,100,23.13,moderate rain
509,Kpandae,GH,8.4689,-0.0113,85.59,13,2,3.42,clear sky
510,Mutata,CO,7.2441,-76.4356,82.85,80,92,2.55,overcast clouds
511,Altay,CN,47.8667,88.1167,6.58,55,0,9.08,clear sky
512,Bunia,CD,1.5667,30.25,69.73,52,100,2.89,overcast clouds
513,Sorong,ID,-0.8833,131.25,80.8,79,100,11.12,overcast clouds
514,Taree,AU,-31.9,152.4667,62.53,77,100,6.91,overcast clouds
515,Inuvik,CA,68.3499,-133.7218,-20.99,72,0,4.61,mist
516,Villarrica,PY,-25.75,-56.4333,84.43,61,84,6.15,broken clouds
517,Lasa,IT,46.6166,10.7002,40.46,63,52,2.75,broken clouds
518,Puerto Santander,CO,8.3636,-72.4063,90.81,42,54,2.64,broken clouds
519,Graham,US,47.0529,-122.2943,46.9,83,75,1.01,broken clouds
520,Porto Velho,BR,-8.7619,-63.9039,86.05,66,40,6.91,scattered clouds
521,Katsuura,JP,35.1333,140.3,35.71,66,15,18.12,few clouds
522,Sambava,MG,-14.2667,50.1667,78.55,82,100,4.45,overcast clouds
523,Chaadayevka,RU,53.1427,45.9122,27.66,97,100,6.4,overcast clouds
524,Doka,SD,13.5167,35.7667,75.51,14,10,15.86,clear sky
525,El Retorno,CO,2.3302,-72.6276,86.72,55,89,1.3,overcast clouds
526,Half Moon Bay,US,37.4636,-122.4286,64.47,55,0,9.22,clear sky
527,Koronowo,PL,53.3137,17.937,42.84,93,100,12.59,overcast clouds
528,Ayagoz,KZ,47.9714,80.4392,-11.07,90,4,6.24,clear sky
529,Dzhebariki-Khaya,RU,62.2167,135.8,-38.36,100,60,0.87,broken clouds
530,Bandarbeyla,SO,9.4942,50.8122,74.93,66,0,10.47,clear sky
531,Pangody,RU,65.85,74.4859,12.04,96,100,2.71,light snow
532,Somerset,US,40.5668,-74.5496,40.1,89,100,1.01,moderate rain
533,Scarborough,GB,54.2797,-0.4044,39.52,83,10,5.01,clear sky
534,San Francisco,US,37.7749,-122.4194,63.09,52,20,1.99,few clouds
535,Palmer,US,42.1584,-72.3287,33.35,93,100,9.22,light snow
536,Nisia Floresta,BR,-6.0911,-35.2086,81.41,66,26,12.1,scattered clouds
537,Keti Bandar,PK,24.1447,67.4497,69.17,53,0,8.46,clear sky
538,Oranjestad,AW,12.524,-70.027,85.95,58,40,19.57,scattered clouds
539,Shushenskoye,RU,53.325,91.9356,-16.37,100,72,2.48,broken clouds
540,Fajardo,PR,18.3258,-65.6524,76.51,94,100,4.61,overcast clouds
541,Alcantara,BR,-2.4089,-44.4147,86.2,80,96,10.0,overcast clouds
542,Coquimbo,CL,-29.9533,-71.3436,71.33,60,0,13.8,clear sky
543,Bowen,AU,-20.0167,148.2333,75.42,81,100,17.09,overcast clouds
544,Vestmanna,FO,62.1564,-7.1664,32.92,69,75,21.85,light snow
545,Bundaberg,AU,-24.85,152.35,68.29,77,40,5.99,scattered clouds
546,Galle,LK,6.0367,80.217,74.25,82,10,4.83,clear sky
547,Chicama,PE,-7.8447,-79.1469,70.34,57,100,12.35,overcast clouds
548,Aksarka,RU,66.5606,67.7975,4.93,97,100,2.71,light snow
549,Tura,IN,25.5198,90.2201,52.83,96,93,4.83,overcast clouds
550,Maceio,BR,-9.6658,-35.7353,85.44,58,40,16.11,scattered clouds
551,Deer Lake,CA,49.1667,-57.4316,15.66,86,100,14.97,overcast clouds
552,Belmonte,BR,-15.8631,-38.8828,82.9,74,100,12.28,overcast clouds
553,Sekoma,BW,-24.4,23.8833,71.98,67,50,12.5,light rain
554,Alice Springs,AU,-23.7,133.8833,54.95,94,2,0.0,clear sky
555,La Libertad,EC,-2.2333,-80.9,83.86,65,0,11.5,clear sky
556,Odienne,CI,9.51,-7.5692,79.14,13,41,1.86,scattered clouds
557,Benghazi,LY,32.1167,20.0667,56.03,62,0,7.74,clear sky
558,Tahoua,NE,14.8888,5.2692,66.25,11,0,11.99,clear sky
559,Huallanca,PE,-9.8993,-76.9417,55.58,63,100,2.59,overcast clouds
560,Tornio,FI,65.8481,24.1466,23.02,95,100,19.69,overcast clouds
561,Tonj,SS,7.2737,28.6822,81.99,19,54,4.97,broken clouds
562,Markova,UA,48.6758,24.4138,27.95,88,99,5.06,overcast clouds
563,Handan,CN,36.6006,114.4678,27.86,37,1,4.32,clear sky
564,Goiania,BR,-16.6786,-49.2539,87.49,48,40,5.75,scattered clouds
565,Praia Da Vitoria,PT,38.7333,-27.0667,59.76,94,40,14.47,scattered clouds
566,Xai-Xai,MZ,-25.0519,33.6442,79.72,64,97,12.73,overcast clouds
567,Acajutla,SV,13.5928,-89.8275,98.94,56,11,9.19,few clouds
568,Santo Tomas,PH,14.1079,121.1414,76.59,78,91,9.78,overcast clouds
569,Saint-Francois,FR,46.4154,3.9054,46.42,88,75,3.44,broken clouds
570,Kavaratti,IN,10.5669,72.642,78.71,62,100,9.6,overcast clouds
571,Egvekinot,RU,66.3167,-179.1667,-2.06,63,0,14.47,clear sky
572,Arona,ES,28.0996,-16.681,62.91,74,0,3.0,clear sky
573,Nakusp,CA,50.2499,-117.8023,26.94,100,100,3.44,snow
574,Narsaq,GL,60.9167,-46.05,7.02,65,27,15.73,scattered clouds
575,Qasigiannguit,GL,68.8193,-51.1922,16.05,91,100,18.72,light snow
576,Kupang,ID,-10.1667,123.5833,78.84,87,100,11.25,overcast clouds
577,Nouadhibou,MR,20.931,-17.0347,73.38,43,1,9.22,clear sky
578,Chavantes,BR,-23.0389,-49.7094,76.71,81,97,4.72,moderate rain
579,Linda,US,39.1277,-121.5508,67.59,45,0,3.44,clear sky
580,Port Hardy,CA,50.6996,-127.4199,45.75,93,100,4.61,light rain
581,Cayenne,GF,4.9333,-52.3333,82.44,85,75,4.0,broken clouds
582,Clevelandia,BR,-26.3958,-52.4708,72.19,94,100,5.95,overcast clouds
583,Klaeng,TH,12.7797,101.6483,81.95,100,52,3.74,broken clouds
584,Vostok,RU,46.4856,135.8833,-11.6,99,100,3.0,overcast clouds
585,Buraydah,SA,26.326,43.975,68.45,25,0,17.07,clear sky
586,Yuty,PY,-26.6,-56.25,95.18,36,71,3.85,broken clouds
587,Berbera,SO,10.4396,45.0143,75.38,60,0,1.63,clear sky
588,Zetel,DE,53.4022,7.9645,38.98,81,100,15.84,overcast clouds
589,Shirokiy,RU,49.758,129.523,-26.48,100,21,4.29,few clouds
590,Borovoy,RU,55.4333,86.0833,13.28,85,100,6.71,overcast clouds
591,Toritama,BR,-8.0067,-36.0567,84.38,49,24,14.56,few clouds
592,Rutul,RU,41.5357,47.4239,34.7,96,100,1.48,light snow
593,Saint-Denis,FR,48.9167,2.3333,42.15,78,0,5.75,clear sky
594,Tazovskiy,RU,67.4667,78.7,4.91,97,96,5.82,overcast clouds
595,Chitral,PK,35.8462,71.7858,23.65,35,18,9.35,few clouds
596,Sungaipenuh,ID,-2.0833,101.3833,64.15,97,100,0.81,overcast clouds
597,Hazleton,US,40.9584,-75.9746,30.52,86,100,9.22,light snow
598,Campbellsville,US,37.3434,-85.3419,28.96,68,100,4.0,overcast clouds
599,West Des Moines,US,41.572,-93.7453,25.38,58,20,18.01,few clouds
600,Popondetta,PG,-8.7537,148.2534,73.94,91,88,2.28,overcast clouds
601,Gongzhuling,CN,43.5008,124.8198,1.71,78,7,7.56,clear sky
602,Inhambane,MZ,-23.865,35.3833,79.75,62,79,13.67,broken clouds
603,Tateyama,JP,34.9833,139.8667,35.62,50,0,30.18,clear sky
604,La Palma,US,33.8464,-118.0467,71.49,19,20,8.99,few clouds
605,Pangkalanbuun,ID,-2.6833,111.6167,73.31,99,95,2.3,overcast clouds
606,Inyonga,TZ,-6.7167,32.0667,63.81,97,100,3.8,light rain
607,Asau,RO,46.4333,26.4,32.92,82,30,5.95,scattered clouds
608,Neiafu,TO,-18.65,-173.9833,81.28,89,75,10.36,light intensity shower rain
609,Port Lincoln,AU,-34.7333,135.8667,63.91,85,76,13.2,broken clouds
610,Travesia,HN,15.8667,-87.9,89.89,73,41,9.4,scattered clouds
611,Jasper,US,37.2001,-94.3502,30.27,48,0,3.0,clear sky
612,Balkanabat,TM,39.5108,54.3671,55.15,45,61,6.76,broken clouds
613,Lethem,GY,3.3803,-59.7968,93.06,38,88,11.16,overcast clouds
614,Kichera,RU,55.9375,110.0997,-1.1,98,100,1.3,overcast clouds
615,Necochea,AR,-38.5473,-58.7368,67.03,54,100,12.84,light rain
616,Maebaru,JP,33.55,130.2,37.76,56,100,21.43,overcast clouds
617,Kijang,KR,35.2442,129.2139,26.33,55,6,12.28,clear sky
618,Botwood,CA,49.1499,-55.3482,20.68,94,100,9.86,snow
619,Corinto,GR,37.9407,22.9573,49.68,68,2,3.56,clear sky
620,Tabuk,PH,17.4189,121.4443,67.53,94,30,4.65,scattered clouds
621,Marsh Harbour,BS,26.5412,-77.0636,74.98,60,83,11.01,broken clouds
622,Whitehorse,CA,60.7161,-135.0538,-4.2,72,100,2.3,light snow
623,Burewala,PK,30.1667,72.65,50.94,64,0,8.03,clear sky
624,Auki,SB,-8.7676,160.7034,79.25,88,100,5.57,overcast clouds
625,Shache,CN,38.4167,77.2406,25.23,44,7,3.94,clear sky
626,Penhold,CA,52.1334,-113.8687,29.14,72,75,4.61,broken clouds
627,Selikhino,RU,50.3672,137.4996,-2.29,98,100,4.5,overcast clouds
628,San Jose De Buan,PH,12.0529,125.0251,70.68,99,100,2.39,overcast clouds
629,Jackson,US,42.4165,-122.8345,39.07,70,0,3.44,clear sky
630,Sydney,AU,-33.8679,151.2073,67.26,67,40,3.0,scattered clouds
631,Selma,US,36.5708,-119.6121,64.18,43,0,1.92,clear sky
632,Iskateley,RU,67.6803,53.1512,-6.05,100,97,5.61,overcast clouds
633,Praia,CV,14.9215,-23.5087,77.54,41,0,17.27,clear sky
634,Nekhayevskiy,RU,50.4106,41.7561,23.52,91,100,8.81,overcast clouds
635,Clifton,US,40.8584,-74.1638,37.62,92,100,1.99,light rain
636,Moroni,KM,-11.7022,43.2551,80.4,80,100,9.91,overcast clouds
637,Srivardhan,IN,18.0333,73.0167,67.55,67,12,4.32,few clouds
638,Vuktyl,RU,63.8567,57.3094,3.07,99,93,3.67,overcast clouds
639,Alta Floresta,BR,-9.8756,-56.0861,93.02,52,40,4.61,scattered clouds
640,Pakxan,LA,18.3778,103.6601,58.82,76,62,4.12,broken clouds
641,Ondjiva,AO,-17.0667,15.7333,72.14,62,100,4.07,overcast clouds
642,Seoul,KR,37.5683,126.9778,18.84,51,0,6.91,clear sky
643,Mogadishu,SO,2.0371,45.3438,77.14,87,11,18.81,few clouds
644,Aasiaat,GL,68.7098,-52.8699,9.95,78,100,24.38,light snow
645,Sai Buri,TH,6.7013,101.6168,77.43,83,99,12.39,overcast clouds
646,Chumikan,RU,54.7183,135.315,-4.94,78,99,13.71,overcast clouds
647,Pandegelang,ID,-6.31,106.1058,74.07,94,100,2.95,overcast clouds
648,The Hammocks,US,25.6715,-80.4445,82.02,68,100,12.66,overcast clouds
649,Byron Bay,AU,-28.65,153.6167,71.49,62,100,22.21,overcast clouds
650,Peniche,PT,39.3558,-9.3811,56.68,74,100,12.8,overcast clouds
651,Tucupita,VE,9.0622,-62.051,92.07,32,2,4.9,clear sky
652,Jefferson City,US,38.5767,-92.1735,29.77,51,0,0.0,snow
653,Pineville,US,31.3224,-92.4343,40.23,66,100,4.0,overcast clouds
654,Bentiu,SS,9.2333,29.8333,82.42,15,76,11.05,broken clouds
655,Henties Bay,NA,-22.116,14.2845,66.85,82,86,6.42,overcast clouds
656,Port-Gentil,GA,-0.7193,8.7815,80.56,78,20,4.61,few clouds
657,Zhuanghe,CN,39.7008,122.9911,14.0,61,0,11.3,clear sky
658,Ekuvukeni,ZA,-28.4675,30.1551,64.24,96,100,4.32,light rain
659,Aden,YE,12.7794,45.0367,77.47,55,11,4.05,few clouds
660,Zhanjiang,CN,21.2815,110.3427,56.89,77,99,6.15,overcast clouds
661,Kaeo,NZ,-35.1,173.7833,72.32,95,86,10.78,overcast clouds
662,Teahupoo,PF,-17.8333,-149.2667,78.76,77,23,15.88,light rain
663,Syracuse,IT,37.0881,15.2792,57.43,83,53,11.23,broken clouds
664,Knysna,ZA,-34.0363,23.0471,66.58,70,100,7.43,overcast clouds
665,Qaqortoq,GL,60.7167,-46.0333,7.3,71,16,24.16,few clouds
666,Eloy,US,32.7559,-111.5548,61.88,17,0,18.81,clear sky
667,Ayan,RU,56.45,138.1667,-2.58,73,100,15.1,overcast clouds
668,Sidney,AU,-33.8679,151.2073,67.26,67,40,3.0,scattered clouds
669,Nancha,CN,47.1333,129.2667,-10.14,98,65,3.38,broken clouds
670,Labrea,BR,-7.2586,-64.7981,77.9,91,99,3.09,overcast clouds
671,Bilma,NE,18.6853,12.9164,60.93,19,5,6.71,clear sky
672,Qandala,SO,11.472,49.8728,75.24,62,5,4.09,clear sky
673,Rupert,US,42.6191,-113.6772,30.15,64,20,5.75,few clouds
674,Chanika,TZ,-5.4167,38.0167,69.85,96,100,2.86,overcast clouds
675,Pierre,US,44.3683,-100.351,14.86,46,100,1.01,overcast clouds
676,Opuwo,NA,-18.0607,13.84,71.78,47,70,9.4,broken clouds
677,Sola,VU,-13.8833,167.55,81.0,81,100,24.45,heavy intensity rain
678,Ciudad Bolivar,VE,8.1222,-63.5497,94.71,30,15,10.31,few clouds
679,Volksrust,ZA,-27.3654,29.8818,59.04,98,100,7.65,light rain
680,Pimampiro,EC,0.4,-77.9667,70.43,69,83,3.53,light rain
681,Korla,CN,41.7597,86.1469,26.29,46,100,4.61,overcast clouds
682,Chupa,RU,66.27,33.0549,10.6,91,100,11.18,overcast clouds
683,Union,US,40.6334,-74.2663,39.51,94,100,6.91,moderate rain
684,Vao,NC,-22.6667,167.4833,80.28,86,100,17.07,overcast clouds
685,Gushikawa,JP,26.3544,127.8686,58.62,63,100,17.27,overcast clouds
